replicate,arm,round,entropy,coverage,unique_fraction,quality,population_fraction
0,raw_replace,0,0.8647869792568111,1.0,0.875,0.8698934896284056,1.0
0,anchored,0,0.8647869792568111,1.0,0.875,0.8698934896284056,1.0
0,verified,0,0.8647869792568111,1.0,0.875,0.8698934896284056,1.0
0,guided,0,0.8647869792568111,1.0,0.875,0.8698934896284056,1.0
1,raw_replace,0,0.8647869792568111,1.0,0.875,0.8698934896284056,1.0
1,anchored,0,0.8647869792568111,1.0,0.875,0.8698934896284056,1.0
1,verified,0,0.8647869792568111,1.0,0.875,0.8698934896284056,1.0
1,guided,0,0.8647869792568111,1.0,0.875,0.8698934896284056,1.0
2,raw_replace,0,0.8647869792568111,1.0,0.875,0.8698934896284056,1.0
2,anchored,0,0.8647869792568111,1.0,0.875,0.8698934896284056,1.0
2,verified,0,0.8647869792568111,1.0,0.875,0.8698934896284056,1.0
2,guided,0,0.8647869792568111,1.0,0.875,0.8698934896284056,1.0
3,raw_replace,0,0.8647869792568111,1.0,0.875,0.8698934896284056,1.0
3,anchored,0,0.8647869792568111,1.0,0.875,0.8698934896284056,1.0
3,verified,0,0.8647869792568111,1.0,0.875,0.8698934896284056,1.0
3,guided,0,0.8647869792568111,1.0,0.875,0.8698934896284056,1.0
4,raw_replace,0,0.8647869792568111,1.0,0.875,0.8698934896284056,1.0
4,anchored,0,0.8647869792568111,1.0,0.875,0.8698934896284056,1.0
4,verified,0,0.8647869792568111,1.0,0.875,0.8698934896284056,1.0
4,guided,0,0.8647869792568111,1.0,0.875,0.8698934896284056,1.0
5,raw_replace,0,0.8647869792568111,1.0,0.875,0.8698934896284056,1.0
5,anchored,0,0.8647869792568111,1.0,0.875,0.8698934896284056,1.0
5,verified,0,0.8647869792568111,1.0,0.875,0.8698934896284056,1.0
5,guided,0,0.8647869792568111,1.0,0.875,0.8698934896284056,1.0
6,raw_replace,0,0.8647869792568111,1.0,0.875,0.8698934896284056,1.0
6,anchored,0,0.8647869792568111,1.0,0.875,0.8698934896284056,1.0
6,verified,0,0.8647869792568111,1.0,0.875,0.8698934896284056,1.0
6,guided,0,0.8647869792568111,1.0,0.875,0.8698934896284056,1.0
7,raw_replace,0,0.8647869792568111,1.0,0.875,0.8698934896284056,1.0
7,anchored,0,0.8647869792568111,1.0,0.875,0.8698934896284056,1.0
7,verified,0,0.8647869792568111,1.0,0.875,0.8698934896284056,1.0
7,guided,0,0.8647869792568111,1.0,0.875,0.8698934896284056,1.0
8,raw_replace,0,0.8647869792568111,1.0,0.875,0.8698934896284056,1.0
8,anchored,0,0.8647869792568111,1.0,0.875,0.8698934896284056,1.0
8,verified,0,0.8647869792568111,1.0,0.875,0.8698934896284056,1.0
8,guided,0,0.8647869792568111,1.0,0.875,0.8698934896284056,1.0
9,raw_replace,0,0.8647869792568111,1.0,0.875,0.8698934896284056,1.0
9,anchored,0,0.8647869792568111,1.0,0.875,0.8698934896284056,1.0
9,verified,0,0.8647869792568111,1.0,0.875,0.8698934896284056,1.0
9,guided,0,0.8647869792568111,1.0,0.875,0.8698934896284056,1.0
10,raw_replace,0,0.8647869792568111,1.0,0.875,0.8698934896284056,1.0
10,anchored,0,0.8647869792568111,1.0,0.875,0.8698934896284056,1.0
10,verified,0,0.8647869792568111,1.0,0.875,0.8698934896284056,1.0
10,guided,0,0.8647869792568111,1.0,0.875,0.8698934896284056,1.0
11,raw_replace,0,0.8647869792568111,1.0,0.875,0.8698934896284056,1.0
11,anchored,0,0.8647869792568111,1.0,0.875,0.8698934896284056,1.0
11,verified,0,0.8647869792568111,1.0,0.875,0.8698934896284056,1.0
11,guided,0,0.8647869792568111,1.0,0.875,0.8698934896284056,1.0
12,raw_replace,0,0.8647869792568111,1.0,0.875,0.8698934896284056,1.0
12,anchored,0,0.8647869792568111,1.0,0.875,0.8698934896284056,1.0
12,verified,0,0.8647869792568111,1.0,0.875,0.8698934896284056,1.0
12,guided,0,0.8647869792568111,1.0,0.875,0.8698934896284056,1.0
13,raw_replace,0,0.8647869792568111,1.0,0.875,0.8698934896284056,1.0
13,anchored,0,0.8647869792568111,1.0,0.875,0.8698934896284056,1.0
13,verified,0,0.8647869792568111,1.0,0.875,0.8698934896284056,1.0
13,guided,0,0.8647869792568111,1.0,0.875,0.8698934896284056,1.0
14,raw_replace,0,0.8647869792568111,1.0,0.875,0.8698934896284056,1.0
14,anchored,0,0.8647869792568111,1.0,0.875,0.8698934896284056,1.0
14,verified,0,0.8647869792568111,1.0,0.875,0.8698934896284056,1.0
14,guided,0,0.8647869792568111,1.0,0.875,0.8698934896284056,1.0
15,raw_replace,0,0.8647869792568111,1.0,0.875,0.8698934896284056,1.0
15,anchored,0,0.8647869792568111,1.0,0.875,0.8698934896284056,1.0
15,verified,0,0.8647869792568111,1.0,0.875,0.8698934896284056,1.0
15,guided,0,0.8647869792568111,1.0,0.875,0.8698934896284056,1.0
0,raw_replace,1,0.8342671343453217,1.0,0.7916666666666666,0.8129669005059942,1.0
0,anchored,1,0.8904434356633804,1.0,0.875,0.8827217178316902,1.0
0,verified,1,0.861960164094796,1.0,0.7916666666666666,0.8268134153807314,1.0
0,guided,1,0.964840852554576,1.0,1.0,0.982420426277288,1.0
1,raw_replace,1,0.8009731539669487,1.0,0.7916666666666666,0.7963199103168077,1.0
1,anchored,1,0.9413368895438066,1.0,1.0,0.9706684447719033,1.0
1,verified,1,0.9626257826097717,1.0,1.0,0.9813128913048859,1.0
1,guided,1,0.9310878788207886,0.9375,1.0,0.9655439394103943,1.0
2,raw_replace,1,0.8870847873989303,1.0,1.0,0.9435423936994651,1.0
2,anchored,1,0.8732745894530372,1.0,0.7916666666666666,0.832470628059852,1.0
2,verified,1,0.9022989611771103,1.0,1.0,0.9511494805885552,1.0
2,guided,1,0.9704891940906413,1.0,1.0,0.9852445970453206,1.0
3,raw_replace,1,0.9060744290923812,1.0,0.9583333333333334,0.9322038812128572,1.0
3,anchored,1,0.8953320086393163,1.0,0.7916666666666666,0.8434993376529915,1.0
3,verified,1,0.9258070888196442,1.0,1.0,0.9629035444098222,1.0
3,guided,1,0.9630625171884508,1.0,1.0,0.9815312585942254,1.0
4,raw_replace,1,0.8644953774762071,1.0,1.0,0.9322476887381035,1.0
4,anchored,1,0.8761424713545929,1.0,0.7916666666666666,0.8339045690106297,1.0
4,verified,1,0.9234818978699215,1.0,1.0,0.9617409489349608,1.0
4,guided,1,0.9537221058152578,1.0,1.0,0.9768610529076289,1.0
5,raw_replace,1,0.7876284966245759,1.0,1.0,0.893814248312288,1.0
5,anchored,1,0.8878014584620377,1.0,0.75,0.8189007292310189,1.0
5,verified,1,0.8491104900876667,1.0,1.0,0.9245552450438334,1.0
5,guided,1,0.927480627118253,1.0,1.0,0.9637403135591265,1.0
6,raw_replace,1,0.8009903883245573,1.0,0.8333333333333334,0.8171618608289453,1.0
6,anchored,1,0.8668569515529774,1.0,0.875,0.8709284757764887,1.0
6,verified,1,0.9192638791368477,1.0,1.0,0.9596319395684239,1.0
6,guided,1,0.920718620252436,0.9375,1.0,0.960359310126218,1.0
7,raw_replace,1,0.8193599959344162,1.0,0.875,0.8471799979672081,1.0
7,anchored,1,0.9123933248713088,1.0,0.7916666666666666,0.8520299957689876,1.0
7,verified,1,0.9836770533387635,1.0,1.0,0.9918385266693818,1.0
7,guided,1,0.907287973805352,0.9375,0.9583333333333334,0.9328106535693427,1.0
8,raw_replace,1,0.923206425535533,1.0,1.0,0.9616032127677665,1.0
8,anchored,1,0.8712602748868674,1.0,0.8333333333333334,0.8522968041101004,1.0
8,verified,1,0.9230501877103692,1.0,1.0,0.9615250938551846,1.0
8,guided,1,0.9744674481420279,1.0,1.0,0.987233724071014,1.0
9,raw_replace,1,0.9101385146144698,1.0,1.0,0.9550692573072349,1.0
9,anchored,1,0.8895268690090005,1.0,0.8333333333333334,0.8614301011711669,1.0
9,verified,1,0.9325031791426175,1.0,1.0,0.9662515895713087,1.0
9,guided,1,0.9382974781146828,0.9375,1.0,0.9691487390573414,1.0
10,raw_replace,1,0.9136041194822976,1.0,1.0,0.9568020597411488,1.0
10,anchored,1,0.9528780793896232,1.0,0.9583333333333334,0.9556057063614782,1.0
10,verified,1,0.9151431184633911,1.0,1.0,0.9575715592316956,1.0
10,guided,1,0.9199805501999553,0.9375,1.0,0.9599902750999776,1.0
11,raw_replace,1,0.8936765121450936,1.0,0.9166666666666666,0.90517158940588,1.0
11,anchored,1,0.8713670387067989,1.0,0.75,0.8106835193533994,1.0
11,verified,1,0.8746056319093607,1.0,1.0,0.9373028159546803,1.0
11,guided,1,0.9738647771944245,1.0,1.0,0.9869323885972123,1.0
12,raw_replace,1,0.8818051043628388,1.0,1.0,0.9409025521814194,1.0
12,anchored,1,0.8491104900876666,1.0,0.7916666666666666,0.8203885783771666,1.0
12,verified,1,0.9530960167852816,1.0,1.0,0.9765480083926408,1.0
12,guided,1,0.9681178863206734,1.0,1.0,0.9840589431603367,1.0
13,raw_replace,1,0.807474489463427,0.9375,0.8333333333333334,0.8204039113983802,1.0
13,anchored,1,0.8848626099369334,1.0,0.7916666666666666,0.8382646383018,1.0
13,verified,1,0.9849352560480664,1.0,1.0,0.9924676280240332,1.0
13,guided,1,0.9501437365753589,1.0,1.0,0.9750718682876794,1.0
14,raw_replace,1,0.8308304119401306,1.0,0.875,0.8529152059700653,1.0
14,anchored,1,0.8690720214977816,1.0,0.625,0.7470360107488908,1.0
14,verified,1,0.9857575839660526,1.0,1.0,0.9928787919830263,1.0
14,guided,1,0.9545955749726159,1.0,1.0,0.977297787486308,1.0
15,raw_replace,1,0.7927548151891991,0.9375,0.9166666666666666,0.8547107409279329,1.0
15,anchored,1,0.951280831651965,1.0,1.0,0.9756404158259825,1.0
15,verified,1,0.9366382312882546,1.0,1.0,0.9683191156441273,1.0
15,guided,1,0.9564204586496929,1.0,1.0,0.9782102293248465,1.0
0,raw_replace,2,0.8732933974158424,1.0,0.9583333333333334,0.9158133653745879,1.0
0,anchored,2,0.8962297673308909,1.0,0.7083333333333334,0.8022815503321121,1.0
0,verified,2,0.9422426155399359,1.0,1.0,0.971121307769968,1.0
0,guided,2,0.9795739585136224,1.0,1.0,0.9897869792568113,1.0
1,raw_replace,2,0.7262503764365731,0.875,0.7083333333333334,0.7172918548849532,1.0
1,anchored,2,0.9575335637103579,1.0,0.9166666666666666,0.9371001151885123,1.0
1,verified,2,0.9877073084168844,1.0,1.0,0.9938536542084422,1.0
1,guided,2,0.9644184094480776,1.0,1.0,0.9822092047240387,1.0
2,raw_replace,2,0.9087110823563217,1.0,1.0,0.9543555411781608,1.0
2,anchored,2,0.9084616191308741,1.0,0.9583333333333334,0.9333974762321038,1.0
2,verified,2,0.9793229044918303,1.0,1.0,0.9896614522459152,1.0
2,guided,2,0.9735768734054413,1.0,1.0,0.9867884367027207,1.0
3,raw_replace,2,0.9060744290923812,1.0,0.9583333333333334,0.9322038812128572,1.0
3,anchored,2,0.8912657635813663,1.0,0.8333333333333334,0.8622995484573499,1.0
3,verified,2,0.9402463427781523,1.0,1.0,0.9701231713890761,1.0
3,guided,2,0.9620688001857582,1.0,1.0,0.9810344000928791,1.0
4,raw_replace,2,0.8317630536464814,0.9375,1.0,0.9158815268232408,1.0
4,anchored,2,0.8994234030188449,1.0,0.8333333333333334,0.8663783681760892,1.0
4,verified,2,0.9304197751616327,1.0,1.0,0.9652098875808164,1.0
4,guided,2,0.8640489092043305,0.875,1.0,0.9320244546021652,1.0
5,raw_replace,2,0.7732297697948305,1.0,0.9565217391304348,0.8648757544626327,0.9583333333333334
5,anchored,2,0.944163457528131,1.0,0.9166666666666666,0.9304150620973988,1.0
5,verified,2,0.9750387220382221,1.0,1.0,0.9875193610191111,1.0
5,guided,2,0.9716271489546097,1.0,1.0,0.9858135744773049,1.0
6,raw_replace,2,0.8170112464594591,1.0,0.9166666666666666,0.8668389565630629,1.0
6,anchored,2,0.8797876253951282,1.0,0.875,0.8773938126975641,1.0
6,verified,2,0.941806740748619,0.9375,1.0,0.9709033703743095,1.0
6,guided,2,0.8545739585136224,0.875,1.0,0.9272869792568113,1.0
7,raw_replace,2,0.8193599959344162,1.0,0.875,0.8471799979672081,1.0
7,anchored,2,0.9273598190038317,1.0,0.625,0.7761799095019158,1.0
7,verified,2,0.9962253918720912,1.0,1.0,0.9981126959360456,1.0
7,guided,2,0.8545739585136224,0.875,1.0,0.9272869792568113,1.0
8,raw_replace,2,0.9279697262470077,1.0,1.0,0.9639848631235038,1.0
8,anchored,2,0.9544127677694244,1.0,0.9166666666666666,0.9355397172180455,1.0
8,verified,2,0.9781489596480328,1.0,1.0,0.9890744798240164,1.0
8,guided,2,0.8545739585136224,0.875,1.0,0.9272869792568113,1.0
9,raw_replace,2,0.9142444999844546,1.0,1.0,0.9571222499922273,1.0
9,anchored,2,0.8944225495021291,1.0,0.75,0.8222112747510646,1.0
9,verified,2,0.9987417972906971,1.0,1.0,0.9993708986453486,1.0
9,guided,2,0.8805138022185501,0.9375,1.0,0.9402569011092751,1.0
10,raw_replace,2,0.9136041194822976,1.0,1.0,0.9568020597411488,1.0
10,anchored,2,0.9465427326026538,1.0,1.0,0.9732713663013268,1.0
10,verified,2,0.9649753918720912,1.0,1.0,0.9824876959360456,1.0
10,guided,2,0.9715437508764664,1.0,1.0,0.9857718754382332,1.0
11,raw_replace,2,0.8917527796120551,1.0,1.0,0.9458763898060276,1.0
11,anchored,2,0.8716692339679628,1.0,0.8333333333333334,0.852501283650648,1.0
11,verified,2,0.9505653198944951,1.0,1.0,0.9752826599472475,1.0
11,guided,2,0.9568177524346128,1.0,1.0,0.9784088762173064,1.0
12,raw_replace,2,0.8534160715306481,0.9375,0.9166666666666666,0.8850413690986574,1.0
12,anchored,2,0.8611629854983885,1.0,0.625,0.7430814927491942,1.0
12,verified,2,0.9913736686633465,1.0,1.0,0.9956868343316733,1.0
12,guided,2,0.9872705738382053,1.0,1.0,0.9936352869191026,1.0
13,raw_replace,2,0.8804672539075982,0.9375,1.0,0.9402336269537991,1.0
13,anchored,2,0.90613426864529,1.0,0.7916666666666666,0.8489004676559784,1.0
13,verified,2,0.9974835945813941,1.0,1.0,0.9987417972906971,1.0
13,guided,2,0.9602904648196331,1.0,1.0,0.9801452324098165,1.0
14,raw_replace,2,0.8271481694251435,1.0,0.875,0.8510740847125717,1.0
14,anchored,2,0.9005005180996808,1.0,0.875,0.8877502590498404,1.0
14,verified,2,0.9987417972906971,1.0,1.0,0.9993708986453486,1.0
14,guided,2,0.980905860757308,1.0,1.0,0.990452930378654,1.0
15,raw_replace,2,0.7927548151891991,0.9375,0.9166666666666666,0.8547107409279329,1.0
15,anchored,2,0.958068847626723,1.0,0.9166666666666666,0.9373677571466947,1.0
15,verified,2,0.987525361001055,1.0,1.0,0.9937626805005275,1.0
15,guided,2,0.9872705738382053,1.0,1.0,0.9936352869191026,1.0
0,raw_replace,3,0.8297146635123128,1.0,0.9166666666666666,0.8731906650894897,1.0
0,anchored,3,0.9010960815300915,1.0,0.625,0.7630480407650457,1.0
0,verified,3,0.9913736686633465,1.0,1.0,0.9956868343316733,1.0
0,guided,3,0.9181510735944582,0.9375,1.0,0.9590755367972291,1.0
1,raw_replace,3,0.7447483919797677,0.875,0.7083333333333334,0.7265408626565506,1.0
1,anchored,3,0.9561408216835399,1.0,1.0,0.9780704108417699,1.0
1,verified,3,0.9987417972906971,1.0,1.0,0.9993708986453486,1.0
1,guided,3,0.97045234432345,1.0,1.0,0.985226172161725,1.0
2,raw_replace,3,0.9087110823563217,1.0,1.0,0.9543555411781608,1.0
2,anchored,3,0.9412246090030267,1.0,0.875,0.9081123045015134,1.0
2,verified,3,0.9962253918720911,1.0,1.0,0.9981126959360456,1.0
2,guided,3,0.9818401696977984,1.0,1.0,0.9909200848488993,1.0
3,raw_replace,3,0.9060744290923812,1.0,0.9583333333333334,0.9322038812128572,1.0
3,anchored,3,0.8910872669794673,1.0,0.8333333333333334,0.8622103001564003,1.0
3,verified,3,0.9937089864534854,1.0,1.0,0.9968544932267427,1.0
3,guided,3,0.9795739585136224,1.0,1.0,0.9897869792568113,1.0
4,raw_replace,3,0.8317630536464814,0.9375,1.0,0.9158815268232408,1.0
4,anchored,3,0.9060286117904115,1.0,0.8333333333333334,0.8696809725618724,1.0
4,verified,3,0.977713084856716,1.0,1.0,0.988856542428358,1.0
4,guided,3,0.8624373699944918,0.9375,1.0,0.9312186849972459,1.0
5,raw_replace,3,0.7684274589085576,1.0,0.875,0.8217137294542788,1.0
5,anchored,3,0.9824188506294607,1.0,0.9583333333333334,0.9703760919813971,1.0
5,verified,3,0.9974835945813941,1.0,1.0,0.9987417972906971,1.0
5,guided,3,0.9834222661759138,1.0,1.0,0.9917111330879569,1.0
6,raw_replace,3,0.8308304119401305,0.9375,0.9166666666666666,0.8737485393033986,1.0
6,anchored,3,0.898338372974039,1.0,0.7083333333333334,0.8033358531536862,1.0
6,verified,3,0.9468621098808416,0.9375,1.0,0.9734310549404208,1.0
6,guided,3,0.8545739585136224,0.875,1.0,0.9272869792568113,1.0
7,raw_replace,3,0.8193599959344162,1.0,0.875,0.8471799979672081,1.0
7,anchored,3,0.9130948446748736,1.0,0.5416666666666666,0.7273807556707701,1.0
7,verified,3,0.9962253918720912,1.0,1.0,0.9981126959360456,1.0
7,guided,3,0.9221804688852169,0.9375,1.0,0.9610902344426084,1.0
8,raw_replace,3,0.9451680323802218,1.0,1.0,0.9725840161901109,1.0
8,anchored,3,0.9319684554953391,1.0,0.9166666666666666,0.9243175610810028,1.0
8,verified,3,0.9877073084168844,1.0,1.0,0.9938536542084422,1.0
8,guided,3,0.8231203125901445,0.8125,1.0,0.9115601562950723,1.0
9,raw_replace,3,0.9670085144010662,1.0,1.0,0.983504257200533,1.0
9,anchored,3,0.8996635991912387,1.0,0.625,0.7623317995956194,1.0
9,verified,3,0.9987417972906971,1.0,1.0,0.9993708986453486,1.0
9,guided,3,0.8647869792568113,0.875,1.0,0.9323934896284056,1.0
10,raw_replace,3,0.9285568824117267,1.0,1.0,0.9642784412058634,1.0
10,anchored,3,0.9217869605819395,1.0,1.0,0.9608934802909698,1.0
10,verified,3,0.9926318713726495,1.0,1.0,0.9963159356863247,1.0
10,guided,3,0.9715437508764664,1.0,1.0,0.9857718754382332,1.0
11,raw_replace,3,0.8650695419172446,1.0,0.9583333333333334,0.911701437625289,1.0
11,anchored,3,0.8824240858756225,1.0,0.7083333333333334,0.795378709604478,1.0
11,verified,3,0.9446621911955801,0.9375,1.0,0.9723310955977901,1.0
11,guided,3,0.9638982767912554,1.0,1.0,0.9819491383956277,1.0
12,raw_replace,3,0.878513779124561,0.9375,1.0,0.9392568895622805,1.0
12,anchored,3,0.8918767777895953,1.0,0.625,0.7584383888947976,1.0
12,verified,3,0.9974835945813941,1.0,1.0,0.9987417972906971,1.0
12,guided,3,0.9826007980452899,1.0,0.9583333333333334,0.9704670656893116,1.0
13,raw_replace,3,0.8804672539075982,0.9375,1.0,0.9402336269537991,1.0
13,anchored,3,0.8961463692527476,1.0,0.875,0.8855731846263738,1.0
13,verified,3,0.9987417972906971,1.0,1.0,0.9993708986453486,1.0
13,guided,3,0.9872705738382054,1.0,1.0,0.9936352869191027,1.0
14,raw_replace,3,0.8271481694251435,1.0,0.875,0.8510740847125717,1.0
14,anchored,3,0.8839145174527644,1.0,0.8333333333333334,0.8586239253930489,1.0
14,verified,3,0.9974835945813941,1.0,1.0,0.9987417972906971,1.0
14,guided,3,0.9885287765475083,1.0,1.0,0.9942643882737541,1.0
15,raw_replace,3,0.8031344393052282,0.875,0.9583333333333334,0.8807338863192808,1.0
15,anchored,3,0.9521257178649619,1.0,0.8333333333333334,0.8927295255991476,1.0
15,verified,3,0.9962253918720911,1.0,1.0,0.9981126959360456,1.0
15,guided,3,0.9685689123715329,1.0,1.0,0.9842844561857664,1.0
0,raw_replace,4,0.8538472893884789,0.875,0.9583333333333334,0.9060903113609061,1.0
0,anchored,4,0.8917636374614533,1.0,0.5416666666666666,0.71671515206406,1.0
0,verified,4,0.9962253918720911,1.0,1.0,0.9981126959360456,1.0
0,guided,4,0.9221804688852169,0.9375,1.0,0.9610902344426084,1.0
1,raw_replace,4,0.7400841329077006,0.875,0.6666666666666666,0.7033753997871837,1.0
1,anchored,4,0.9472380046763882,1.0,0.9166666666666666,0.9319523356715274,1.0
1,verified,4,0.9987417972906971,1.0,1.0,0.9993708986453486,1.0
1,guided,4,0.9770584128823787,1.0,1.0,0.9885292064411894,1.0
2,raw_replace,4,0.9048019349108978,1.0,1.0,0.9524009674554489,1.0
2,anchored,4,0.923932064133419,1.0,0.7916666666666666,0.8577993654000429,1.0
2,verified,4,0.9974835945813941,1.0,1.0,0.9987417972906971,1.0
2,guided,4,0.9679502303770247,1.0,1.0,0.9839751151885123,1.0
3,raw_replace,4,0.9600034208180119,1.0,1.0,0.980001710409006,1.0
3,anchored,4,0.8837799781352492,1.0,0.9166666666666666,0.9002233224009579,1.0
3,verified,4,0.9987417972906971,1.0,1.0,0.9993708986453486,1.0
3,guided,4,0.8647869792568113,0.875,1.0,0.9323934896284056,1.0
4,raw_replace,4,0.8625162867314473,0.9375,1.0,0.9312581433657237,1.0
4,anchored,4,0.9043119759947809,1.0,0.8333333333333334,0.8688226546640572,1.0
4,verified,4,0.9974835945813941,1.0,1.0,0.9987417972906971,1.0
4,guided,4,0.7835996092623194,0.75,1.0,0.8917998046311597,1.0
5,raw_replace,4,0.7394077624257146,0.9375,0.875,0.8072038812128572,1.0
5,anchored,4,0.9834959657102965,1.0,1.0,0.9917479828551483,1.0
5,verified,4,0.9974835945813941,1.0,1.0,0.9987417972906971,1.0
5,guided,4,0.9897869792568113,1.0,1.0,0.9948934896284056,1.0
6,raw_replace,4,0.8308304119401305,0.9375,0.9166666666666666,0.8737485393033986,1.0
6,anchored,4,0.9032968600027151,1.0,0.5,0.7016484300013576,1.0
6,verified,4,0.9468621098808416,0.9375,1.0,0.9734310549404208,1.0
6,guided,4,0.8545739585136224,0.875,1.0,0.9272869792568113,1.0
7,raw_replace,4,0.8003859978022296,0.9375,0.875,0.8376929989011148,1.0
7,anchored,4,0.9049594640141303,1.0,0.5,0.7024797320070651,1.0
7,verified,4,0.9987417972906971,1.0,1.0,0.9993708986453486,1.0
7,guided,4,0.8805138022185501,0.875,1.0,0.9402569011092751,1.0
8,raw_replace,4,0.9126284966245758,1.0,0.9583333333333334,0.9354809149789546,1.0
8,anchored,4,0.9193296113666758,1.0,1.0,0.9596648056833379,1.0
8,verified,4,0.9974835945813941,1.0,1.0,0.9987417972906971,1.0
8,guided,4,0.8545739585136224,0.875,1.0,0.9272869792568113,1.0
9,raw_replace,4,0.9870195198164133,1.0,1.0,0.9935097599082067,1.0
9,anchored,4,0.885851734011206,1.0,0.5833333333333334,0.7345925336722696,1.0
9,verified,4,0.9974835945813941,1.0,1.0,0.9987417972906971,1.0
9,guided,4,0.8647869792568113,0.875,1.0,0.9323934896284056,1.0
10,raw_replace,4,0.9244432292554627,1.0,1.0,0.9622216146277314,1.0
10,anchored,4,0.8821847494905908,1.0,1.0,0.9410923747452954,1.0
10,verified,4,0.9962253918720911,1.0,1.0,0.9981126959360456,1.0
10,guided,4,0.9897869792568113,1.0,1.0,0.9948934896284056,1.0
11,raw_replace,4,0.8650695419172446,1.0,0.9583333333333334,0.911701437625289,1.0
11,anchored,4,0.8748763013407352,1.0,0.6666666666666666,0.770771484003701,1.0
11,verified,4,0.947178596614186,0.9375,1.0,0.9735892983070931,1.0
11,guided,4,0.9806510735944582,1.0,1.0,0.9903255367972291,1.0
12,raw_replace,4,0.878513779124561,0.9375,1.0,0.9392568895622805,1.0
12,anchored,4,0.8968701478330477,1.0,0.625,0.7609350739165239,1.0
12,verified,4,1.0,1.0,1.0,1.0,1.0
12,guided,4,0.9521722661759138,1.0,1.0,0.9760861330879569,1.0
13,raw_replace,4,0.8812790234944615,0.9375,1.0,0.9406395117472308,1.0
13,anchored,4,0.9264181030278731,1.0,0.875,0.9007090515139365,1.0
13,verified,4,0.9974835945813941,1.0,1.0,0.9987417972906971,1.0
13,guided,4,0.9795739585136224,1.0,1.0,0.9897869792568113,1.0
14,raw_replace,4,0.8292477551929284,1.0,0.9166666666666666,0.8729572109297975,1.0
14,anchored,4,0.8845021659192049,1.0,0.7916666666666666,0.8380844162929357,1.0
14,verified,4,0.9974835945813941,1.0,1.0,0.9987417972906971,1.0
14,guided,4,0.9897869792568113,1.0,1.0,0.9948934896284056,1.0
15,raw_replace,4,0.8515517119103748,0.875,1.0,0.9257758559551874,1.0
15,anchored,4,0.9681690275600452,1.0,0.875,0.9215845137800226,1.0
15,verified,4,0.9974835945813941,1.0,1.0,0.9987417972906971,1.0
15,guided,4,0.9746171387190858,1.0,1.0,0.9873085693595429,1.0
0,raw_replace,5,0.8538472893884789,0.875,0.9583333333333334,0.9060903113609061,1.0
0,anchored,5,0.9053882312882546,1.0,0.625,0.7651941156441273,1.0
0,verified,5,0.9987417972906971,1.0,1.0,0.9993708986453486,1.0
0,guided,5,0.896240625180289,0.9375,1.0,0.9481203125901445,1.0
1,raw_replace,5,0.7400841329077006,0.875,0.6666666666666666,0.7033753997871837,1.0
1,anchored,5,0.9460632000452285,1.0,0.9166666666666666,0.9313649333559475,1.0
1,verified,5,0.9987417972906971,1.0,1.0,0.9993708986453486,1.0
1,guided,5,0.9780647017825275,1.0,1.0,0.9890323508912637,1.0
2,raw_replace,5,0.9048019349108978,1.0,1.0,0.9524009674554489,1.0
2,anchored,5,0.9184256689503368,1.0,0.7916666666666666,0.8550461678085017,1.0
2,verified,5,0.9974835945813941,1.0,1.0,0.9987417972906971,1.0
2,guided,5,0.9798296054638342,1.0,1.0,0.9899148027319171,1.0
3,raw_replace,5,0.9600034208180119,1.0,1.0,0.980001710409006,1.0
3,anchored,5,0.909763779124561,1.0,0.9166666666666666,0.9132152228956139,1.0
3,verified,5,0.9974835945813941,1.0,1.0,0.9987417972906971,1.0
3,guided,5,0.8545739585136224,0.875,1.0,0.9272869792568113,1.0
4,raw_replace,5,0.837600633288193,0.9375,0.9166666666666666,0.8771336499774298,1.0
4,anchored,5,0.8935565638180344,1.0,0.7916666666666666,0.8426116152423505,1.0
4,verified,5,1.0,1.0,1.0,1.0,1.0
4,guided,5,0.8292196801770693,0.9375,1.0,0.9146098400885346,1.0
5,raw_replace,5,0.7287706152641016,0.9375,0.8333333333333334,0.7810519742987174,1.0
5,anchored,5,0.9762360849643925,1.0,0.9166666666666666,0.9464513758155295,1.0
5,verified,5,0.9987417972906971,1.0,1.0,0.9993708986453486,1.0
5,guided,5,0.9897869792568113,1.0,1.0,0.9948934896284056,1.0
6,raw_replace,5,0.7789883817442439,0.875,0.9166666666666666,0.8478275242054553,1.0
6,anchored,5,0.8904471859955858,1.0,0.5416666666666666,0.7160569263311263,1.0
6,verified,5,0.9468621098808416,0.9375,1.0,0.9734310549404208,1.0
6,guided,5,0.8545739585136224,0.875,1.0,0.9272869792568113,1.0
7,raw_replace,5,0.7825283627611919,0.9375,0.8333333333333334,0.8079308480472627,1.0
7,anchored,5,0.899761588259838,1.0,0.5,0.699880794129919,1.0
7,verified,5,0.9987417972906971,1.0,1.0,0.9993708986453486,1.0
7,guided,5,0.8805138022185501,0.9375,1.0,0.9402569011092751,1.0
8,raw_replace,5,0.9093514628584785,1.0,0.9166666666666666,0.9130090647625726,1.0
8,anchored,5,0.9162273410614197,1.0,0.9166666666666666,0.9164470038640431,1.0
8,verified,5,0.9974835945813941,1.0,1.0,0.9987417972906971,1.0
8,guided,5,0.8545739585136224,0.875,1.0,0.9272869792568113,1.0
9,raw_replace,5,0.9756099959344163,1.0,1.0,0.9878049979672081,1.0
9,anchored,5,0.8997168235286765,1.0,0.5416666666666666,0.7206917450976715,1.0
9,verified,5,0.9974835945813941,1.0,1.0,0.9987417972906971,1.0
9,guided,5,0.8545739585136224,0.875,1.0,0.9272869792568113,1.0
10,raw_replace,5,0.9345217106811363,1.0,0.9583333333333334,0.9464275220072349,1.0
10,anchored,5,0.9067982076726813,1.0,0.9166666666666666,0.911732437169674,1.0
10,verified,5,0.9974835945813941,1.0,1.0,0.9987417972906971,1.0
10,guided,5,0.9885287765475083,1.0,0.9583333333333334,0.9734310549404208,1.0
11,raw_replace,5,0.8650695419172446,1.0,0.9583333333333334,0.911701437625289,1.0
11,anchored,5,0.8847594036657612,1.0,0.7083333333333334,0.7965463684995473,1.0
11,verified,5,0.947178596614186,0.9375,1.0,0.9735892983070931,1.0
11,guided,5,0.9821640634666109,1.0,1.0,0.9910820317333054,1.0
12,raw_replace,5,0.878513779124561,0.9375,1.0,0.9392568895622805,1.0
12,anchored,5,0.8919511015981308,1.0,0.625,0.7584755507990655,1.0
12,verified,5,0.9974835945813941,1.0,1.0,0.9987417972906971,1.0
12,guided,5,0.9696522751821992,1.0,1.0,0.9848261375910996,1.0
13,raw_replace,5,0.8812790234944615,0.9375,1.0,0.9406395117472308,1.0
13,anchored,5,0.9265857589715218,1.0,0.9583333333333334,0.9424595461524277,1.0
13,verified,5,0.9987417972906971,1.0,1.0,0.9993708986453486,1.0
13,guided,5,0.9795739585136224,1.0,1.0,0.9897869792568113,1.0
14,raw_replace,5,0.8190964340202342,1.0,0.8333333333333334,0.8262148836767838,1.0
14,anchored,5,0.9177797717273317,1.0,0.75,0.8338898858636659,1.0
14,verified,5,0.9987417972906971,1.0,1.0,0.9993708986453486,1.0
14,guided,5,0.9897869792568113,1.0,1.0,0.9948934896284056,1.0
15,raw_replace,5,0.8627907064950275,0.875,0.9583333333333334,0.9105620199141804,1.0
15,anchored,5,0.9742172539075982,1.0,1.0,0.9871086269537991,1.0
15,verified,5,0.9949671891627883,1.0,1.0,0.9974835945813941,1.0
15,guided,5,0.973358936009783,1.0,1.0,0.9866794680048915,1.0
0,raw_replace,6,0.8495551396303158,0.875,0.9166666666666666,0.8831109031484912,1.0
0,anchored,6,0.8937519952592669,1.0,0.5416666666666666,0.7177093309629667,1.0
0,verified,6,0.9962253918720911,1.0,1.0,0.9981126959360456,1.0
0,guided,6,0.896240625180289,0.9375,1.0,0.9481203125901445,1.0
1,raw_replace,6,0.7400841329077006,0.875,0.6666666666666666,0.7033753997871837,1.0
1,anchored,6,0.8952883508732077,1.0,0.875,0.8851441754366038,1.0
1,verified,6,0.9987417972906971,1.0,1.0,0.9993708986453486,1.0
1,guided,6,0.9224361158354287,0.9375,1.0,0.9612180579177143,1.0
2,raw_replace,6,0.9048019349108978,1.0,1.0,0.9524009674554489,1.0
2,anchored,6,0.9120463648789835,1.0,0.7083333333333334,0.8101898491061584,1.0
2,verified,6,0.9974835945813941,1.0,1.0,0.9987417972906971,1.0
2,guided,6,0.935518018710397,0.9375,1.0,0.9677590093551984,1.0
3,raw_replace,6,0.9600034208180119,1.0,1.0,0.980001710409006,1.0
3,anchored,6,0.9131753522081734,1.0,0.875,0.8940876761040867,1.0
3,verified,6,0.9974835945813941,1.0,1.0,0.9987417972906971,1.0
3,guided,6,0.8647869792568113,0.875,1.0,0.9323934896284056,1.0
4,raw_replace,6,0.824342807646746,0.9375,0.9583333333333334,0.8913380704900397,1.0
4,anchored,6,0.8907996627087593,1.0,0.75,0.8203998313543797,1.0
4,verified,6,0.9974835945813941,1.0,1.0,0.9987417972906971,1.0
4,guided,6,0.885159288477249,0.9375,1.0,0.9425796442386245,1.0
5,raw_replace,6,0.7287706152641016,0.9375,0.8333333333333334,0.7810519742987174,1.0
5,anchored,6,0.9703689462453067,1.0,0.8333333333333334,0.9018511397893201,1.0
5,verified,6,0.9987417972906971,1.0,1.0,0.9993708986453486,1.0
5,guided,6,0.9849352560480665,1.0,1.0,0.9924676280240332,1.0
6,raw_replace,6,0.7198865231430379,0.8125,0.875,0.797443261571519,1.0
6,anchored,6,0.8822511059945717,1.0,0.5833333333333334,0.7327922196639525,1.0
6,verified,6,0.9481203125901445,0.9375,1.0,0.9740601562950723,1.0
6,guided,6,0.8231203125901445,0.8125,1.0,0.9115601562950723,1.0
7,raw_replace,6,0.7755062276039753,0.9375,0.7916666666666666,0.7835864471353209,1.0
7,anchored,6,0.899761588259838,1.0,0.5,0.699880794129919,1.0
7,verified,6,0.9974835945813941,1.0,1.0,0.9987417972906971,1.0
7,guided,6,0.8545739585136224,0.875,1.0,0.9272869792568113,1.0
8,raw_replace,6,0.8780034737898793,1.0,0.8333333333333334,0.8556684035616063,1.0
8,anchored,6,0.9241741506204324,1.0,0.9166666666666666,0.9204204086435495,1.0
8,verified,6,0.9974835945813941,1.0,1.0,0.9987417972906971,1.0
8,guided,6,0.8231203125901445,0.8125,1.0,0.9115601562950723,1.0
9,raw_replace,6,0.9756099959344163,1.0,1.0,0.9878049979672081,1.0
9,anchored,6,0.9005534429188431,1.0,0.5833333333333334,0.7419433881260882,1.0
9,verified,6,0.9974835945813941,1.0,1.0,0.9987417972906971,1.0
9,guided,6,0.8545739585136224,0.875,1.0,0.9272869792568113,1.0
10,raw_replace,6,0.9345217106811363,1.0,0.9583333333333334,0.9464275220072349,1.0
10,anchored,6,0.9183690109901166,1.0,0.75,0.8341845054950583,1.0
10,verified,6,0.9974835945813941,1.0,1.0,0.9987417972906971,1.0
10,guided,6,0.9872705738382053,1.0,1.0,0.9936352869191026,1.0
11,raw_replace,6,0.8966736094267624,1.0,1.0,0.9483368047133812,1.0
11,anchored,6,0.8720603440281182,1.0,0.7083333333333334,0.7901968386807258,1.0
11,verified,6,0.9468621098808416,0.9375,1.0,0.9734310549404208,1.0
11,guided,6,0.976552571697737,1.0,1.0,0.9882762858488685,1.0
12,raw_replace,6,0.878513779124561,0.9375,1.0,0.9392568895622805,1.0
12,anchored,6,0.8959498308464624,1.0,0.5416666666666666,0.7188082487565646,1.0
12,verified,6,0.9987417972906971,1.0,1.0,0.9993708986453486,1.0
12,guided,6,0.9857575839660526,1.0,1.0,0.9928787919830263,1.0
13,raw_replace,6,0.8598053096589713,0.9375,0.9583333333333334,0.9090693214961523,1.0
13,anchored,6,0.9303355172961273,1.0,0.875,0.9026677586480636,1.0
13,verified,6,0.9987417972906971,1.0,1.0,0.9993708986453486,1.0
13,guided,6,0.9795739585136224,1.0,1.0,0.9897869792568113,1.0
14,raw_replace,6,0.7446872526783598,0.875,0.7083333333333334,0.7265102930058466,1.0
14,anchored,6,0.8992952402095402,1.0,0.8333333333333334,0.8663142867714368,1.0
14,verified,6,0.9974835945813941,1.0,1.0,0.9987417972906971,1.0
14,guided,6,0.9897869792568113,1.0,0.875,0.9323934896284056,1.0
15,raw_replace,6,0.8527122250693538,0.875,1.0,0.9263561125346769,1.0
15,anchored,6,0.9484953475983288,1.0,0.75,0.8492476737991643,1.0
15,verified,6,0.9987417972906971,1.0,1.0,0.9993708986453486,1.0
15,guided,6,0.9849361158354287,1.0,0.9583333333333334,0.971634724584381,1.0
0,raw_replace,7,0.8578552856898642,0.875,0.9583333333333334,0.9080943095115988,1.0
0,anchored,7,0.9042608347554091,1.0,0.5833333333333334,0.7437970840443713,1.0
0,verified,7,0.9962253918720911,1.0,1.0,0.9981126959360456,1.0
0,guided,7,0.896240625180289,0.9375,1.0,0.9481203125901445,1.0
1,raw_replace,7,0.7920785514420423,0.875,0.8333333333333334,0.8127059423876879,1.0
1,anchored,7,0.9061120098685547,1.0,0.625,0.7655560049342773,1.0
1,verified,7,0.9987417972906971,1.0,1.0,0.9993708986453486,1.0
1,guided,7,0.945920393904883,0.9375,1.0,0.9729601969524415,1.0
2,raw_replace,7,0.9040940385991225,1.0,1.0,0.9520470192995613,1.0
2,anchored,7,0.9052905417379307,1.0,0.6666666666666666,0.7859786042022987,1.0
2,verified,7,0.9987417972906971,1.0,1.0,0.9993708986453486,1.0
2,guided,7,0.9446621911955801,0.9375,1.0,0.9723310955977901,1.0
3,raw_replace,7,0.9600034208180119,1.0,1.0,0.980001710409006,1.0
3,anchored,7,0.903777551865778,1.0,0.75,0.826888775932889,1.0
3,verified,7,0.9962253918720912,1.0,1.0,0.9981126959360456,1.0
3,guided,7,0.8545739585136224,0.875,1.0,0.9272869792568113,1.0
4,raw_replace,7,0.824342807646746,0.9375,0.9583333333333334,0.8913380704900397,1.0
4,anchored,7,0.88246904339023,1.0,0.7083333333333334,0.7954011883617818,1.0
4,verified,7,1.0,1.0,1.0,1.0,1.0
4,guided,7,0.8033166862393328,0.8125,0.9583333333333334,0.880825009786333,1.0
5,raw_replace,7,0.7492657633564419,0.9375,0.875,0.812132881678221,1.0
5,anchored,7,0.970504345350184,1.0,0.7916666666666666,0.8810855060084253,1.0
5,verified,7,0.9974835945813941,1.0,1.0,0.9987417972906971,1.0
5,guided,7,0.9897869792568113,1.0,1.0,0.9948934896284056,1.0
6,raw_replace,7,0.7198865231430379,0.8125,0.875,0.797443261571519,1.0
6,anchored,7,0.9008018535734824,1.0,0.4583333333333333,0.6795675934534079,1.0
6,verified,7,0.9481203125901445,0.9375,1.0,0.9740601562950723,1.0
6,guided,7,0.8231203125901445,0.8125,1.0,0.9115601562950723,1.0
7,raw_replace,7,0.781683476548195,0.9375,0.7916666666666666,0.7866750716074309,1.0
7,anchored,7,0.8867916664073741,1.0,0.5,0.693395833203687,1.0
7,verified,7,0.9974835945813941,1.0,1.0,0.9987417972906971,1.0
7,guided,7,0.8545739585136224,0.875,1.0,0.9272869792568113,1.0
8,raw_replace,7,0.8780034737898793,1.0,0.75,0.8140017368949397,1.0
8,anchored,7,0.9521257178649619,1.0,0.875,0.9135628589324809,1.0
8,verified,7,0.9974835945813941,1.0,1.0,0.9987417972906971,1.0
8,guided,7,0.8231203125901445,0.8125,1.0,0.9115601562950723,1.0
9,raw_replace,7,0.9756099959344163,1.0,1.0,0.9878049979672081,1.0
9,anchored,7,0.8898131820016395,1.0,0.5416666666666666,0.7157399243341531,1.0
9,verified,7,0.9974835945813941,1.0,1.0,0.9987417972906971,1.0
9,guided,7,0.896240625180289,0.9375,1.0,0.9481203125901445,1.0
10,raw_replace,7,0.9345217106811363,1.0,0.9583333333333334,0.9464275220072349,1.0
10,anchored,7,0.9275274749474803,1.0,0.625,0.7762637374737402,1.0
10,verified,7,0.9964064795005583,1.0,1.0,0.9982032397502791,1.0
10,guided,7,0.9897869792568113,1.0,0.9166666666666666,0.9532268229617389,1.0
11,raw_replace,7,0.8768026600497787,1.0,0.9583333333333334,0.917567996691556,1.0
11,anchored,7,0.8726395328882824,1.0,0.5833333333333334,0.7279864331108079,1.0
11,verified,7,0.9481203125901445,0.9375,1.0,0.9740601562950723,1.0
11,guided,7,0.9759812978015429,1.0,1.0,0.9879906489007715,1.0
12,raw_replace,7,0.8887339073849423,0.9375,0.9583333333333334,0.9235336203591378,1.0
12,anchored,7,0.8700997617278883,1.0,0.5833333333333334,0.7267165475306108,1.0
12,verified,7,0.9987417972906971,1.0,1.0,0.9993708986453486,1.0
12,guided,7,0.9849352560480665,1.0,1.0,0.9924676280240332,1.0
13,raw_replace,7,0.8598053096589713,0.9375,0.9583333333333334,0.9090693214961523,1.0
13,anchored,7,0.9280001995059884,1.0,0.8333333333333334,0.8806667664196609,1.0
13,verified,7,0.9974835945813941,1.0,1.0,0.9987417972906971,1.0
13,guided,7,0.9795739585136224,1.0,1.0,0.9897869792568113,1.0
14,raw_replace,7,0.7446872526783598,0.875,0.7083333333333334,0.7265102930058466,1.0
14,anchored,7,0.9135315792535526,1.0,0.75,0.8317657896267763,1.0
14,verified,7,0.9974835945813941,1.0,1.0,0.9987417972906971,1.0
14,guided,7,0.9395556808239858,0.9375,1.0,0.9697778404119929,1.0
15,raw_replace,7,0.8527122250693538,0.875,1.0,0.9263561125346769,1.0
15,anchored,7,0.9396533703743095,1.0,0.6666666666666666,0.8031600185204881,1.0
15,verified,7,0.9987417972906971,1.0,1.0,0.9993708986453486,1.0
15,guided,7,0.9663538424267287,1.0,1.0,0.9831769212133643,1.0
0,raw_replace,8,0.8578552856898642,0.875,0.9583333333333334,0.9080943095115988,1.0
0,anchored,8,0.8838483537322298,1.0,0.5416666666666666,0.7127575101994482,1.0
0,verified,8,0.9987417972906971,1.0,1.0,0.9993708986453486,1.0
0,guided,8,0.896240625180289,0.9375,1.0,0.9481203125901445,1.0
1,raw_replace,8,0.7920785514420423,0.875,0.8333333333333334,0.8127059423876879,1.0
1,anchored,8,0.9029183741806006,1.0,0.5833333333333334,0.7431258537569669,1.0
1,verified,8,0.9987417972906971,1.0,1.0,0.9993708986453486,1.0
1,guided,8,0.9885287765475083,1.0,1.0,0.9942643882737541,1.0
2,raw_replace,8,0.9040940385991225,1.0,1.0,0.9520470192995613,1.0
2,anchored,8,0.9048447328896441,1.0,0.625,0.764922366444822,1.0
2,verified,8,0.9987417972906971,1.0,1.0,0.9993708986453486,1.0
2,guided,8,0.9354274366772657,0.9375,1.0,0.9677137183386328,1.0
3,raw_replace,8,0.9600034208180119,1.0,1.0,0.980001710409006,1.0
3,anchored,8,0.9072285657431498,1.0,0.6666666666666666,0.7869476162049083,1.0
3,verified,8,0.9962253918720912,1.0,1.0,0.9981126959360456,1.0
3,guided,8,0.8545739585136224,0.875,1.0,0.9272869792568113,1.0
4,raw_replace,8,0.824342807646746,0.9375,0.9583333333333334,0.8913380704900397,1.0
4,anchored,8,0.8726398324065578,1.0,0.7083333333333334,0.7904865828699457,1.0
4,verified,8,1.0,1.0,1.0,1.0,1.0
4,guided,8,0.5724934161133908,0.625,0.9583333333333334,0.765413374723362,1.0
5,raw_replace,8,0.8073934896284055,0.9375,0.9583333333333334,0.8828634114808694,1.0
5,anchored,8,0.9696677259600174,1.0,0.9583333333333334,0.9640005296466754,1.0
5,verified,8,0.9974835945813941,1.0,1.0,0.9987417972906971,1.0
5,guided,8,0.9897869792568113,1.0,0.9583333333333334,0.9740601562950724,1.0
6,raw_replace,8,0.7198865231430379,0.8125,0.875,0.797443261571519,1.0
6,anchored,8,0.8695518535734824,1.0,0.4583333333333333,0.6639425934534079,1.0
6,verified,8,0.9481203125901445,0.9375,1.0,0.9740601562950723,1.0
6,guided,8,0.8647869792568113,0.875,1.0,0.9323934896284056,1.0
7,raw_replace,8,0.7777381463394957,0.875,0.9166666666666666,0.8472024065030812,1.0
7,anchored,8,0.8697472850147148,1.0,0.5,0.6848736425073574,1.0
7,verified,8,0.9974835945813941,1.0,1.0,0.9987417972906971,1.0
7,guided,8,0.8545739585136224,0.875,1.0,0.9272869792568113,1.0
8,raw_replace,8,0.8780034737898793,1.0,0.75,0.8140017368949397,1.0
8,anchored,8,0.932331790057911,1.0,0.75,0.8411658950289556,1.0
8,verified,8,0.9974835945813941,1.0,1.0,0.9987417972906971,1.0
8,guided,8,0.8545739585136224,0.875,1.0,0.9272869792568113,1.0
9,raw_replace,8,0.9756099959344163,1.0,1.0,0.9878049979672081,1.0
9,anchored,8,0.9087470723361508,1.0,0.5833333333333334,0.7460402028347421,1.0
9,verified,8,0.9974835945813941,1.0,1.0,0.9987417972906971,1.0
9,guided,8,0.8545739585136224,0.875,1.0,0.9272869792568113,1.0
10,raw_replace,8,0.915706908886322,1.0,0.9166666666666666,0.9161867877764943,1.0
10,anchored,8,0.9275274749474803,1.0,0.625,0.7762637374737402,1.0
10,verified,8,0.9987417972906971,1.0,1.0,0.9993708986453486,1.0
10,guided,8,0.9897869792568113,1.0,1.0,0.9948934896284056,1.0
11,raw_replace,8,0.8768026600497787,1.0,0.9583333333333334,0.917567996691556,1.0
11,anchored,8,0.8531846501095867,1.0,0.5,0.6765923250547934,1.0
11,verified,8,0.9468621098808416,0.9375,1.0,0.9734310549404208,1.0
11,guided,8,0.9793928708851553,1.0,1.0,0.9896964354425777,1.0
12,raw_replace,8,0.9087784053824939,0.9375,1.0,0.9543892026912469,1.0
12,anchored,8,0.8444856718093589,1.0,0.4583333333333333,0.6514095025713461,1.0
12,verified,8,0.9987417972906971,1.0,1.0,0.9993708986453486,1.0
12,guided,8,0.9885287765475083,1.0,1.0,0.9942643882737541,1.0
13,raw_replace,8,0.8598053096589713,0.9375,0.9583333333333334,0.9090693214961523,1.0
13,anchored,8,0.9168983876060035,1.0,0.7916666666666666,0.854282527136335,1.0
13,verified,8,0.9974835945813941,1.0,1.0,0.9987417972906971,1.0
13,guided,8,0.9759812978015429,1.0,0.9166666666666666,0.9463239822341047,1.0
14,raw_replace,8,0.7446872526783598,0.875,0.75,0.74734362633918,1.0
14,anchored,8,0.900418903601328,1.0,0.7083333333333334,0.8043761184673307,1.0
14,verified,8,0.9974835945813941,1.0,1.0,0.9987417972906971,1.0
14,guided,8,0.9897869792568113,1.0,1.0,0.9948934896284056,1.0
15,raw_replace,8,0.8527122250693538,0.875,1.0,0.9263561125346769,1.0
15,anchored,8,0.9113530595576643,1.0,0.7083333333333334,0.8098431964454988,1.0
15,verified,8,0.9974835945813941,1.0,1.0,0.9987417972906971,1.0
15,guided,8,0.9856884773600899,1.0,1.0,0.9928442386800449,1.0
0,raw_replace,9,0.8578552856898642,0.875,0.9583333333333334,0.9080943095115988,1.0
0,anchored,9,0.8585488905294589,1.0,0.5,0.6792744452647295,1.0
0,verified,9,0.9974835945813941,1.0,1.0,0.9987417972906971,1.0
0,guided,9,0.8545739585136224,0.875,1.0,0.9272869792568113,1.0
1,raw_replace,9,0.8048519348882209,0.875,0.7083333333333334,0.7565926341107772,1.0
1,anchored,9,0.8842606699983122,1.0,0.5833333333333334,0.7337970016658228,1.0
1,verified,9,0.9974835945813941,1.0,1.0,0.9987417972906971,1.0
1,guided,9,0.9897869792568113,1.0,0.9583333333333334,0.9740601562950724,1.0
2,raw_replace,9,0.893256088131595,0.9375,0.9583333333333334,0.9257947107324642,1.0
2,anchored,9,0.8971196110584954,1.0,0.5833333333333334,0.7402264721959144,1.0
2,verified,9,0.9974835945813941,1.0,1.0,0.9987417972906971,1.0
2,guided,9,0.9290627235963684,0.9375,1.0,0.9645313617981842,1.0
3,raw_replace,9,0.9600034208180119,1.0,1.0,0.980001710409006,1.0
3,anchored,9,0.8960738290240025,1.0,0.5416666666666666,0.7188702478453346,1.0
3,verified,9,0.9962253918720912,1.0,1.0,0.9981126959360456,1.0
3,guided,9,0.8545739585136224,0.875,1.0,0.9272869792568113,1.0
4,raw_replace,9,0.824342807646746,0.9375,0.9583333333333334,0.8913380704900397,1.0
4,anchored,9,0.8611762767403455,1.0,0.6666666666666666,0.7639214717035061,1.0
4,verified,9,1.0,1.0,1.0,1.0,1.0
4,guided,9,0.5724934161133908,0.625,0.9583333333333334,0.765413374723362,1.0
5,raw_replace,9,0.7956679384845335,0.9375,0.9565217391304348,0.8760948388074842,0.9583333333333334
5,anchored,9,0.9615855172961273,1.0,0.7083333333333334,0.8349594253147303,1.0
5,verified,9,0.9987417972906971,1.0,1.0,0.9993708986453486,1.0
5,guided,9,0.9885287765475083,1.0,1.0,0.9942643882737541,1.0
6,raw_replace,9,0.7198865231430379,0.8125,0.875,0.797443261571519,1.0
6,anchored,9,0.9026241462239916,1.0,0.4583333333333333,0.6804787397786625,1.0
6,verified,9,0.9481203125901445,0.9375,1.0,0.9740601562950723,1.0
6,guided,9,0.8545739585136224,0.875,1.0,0.9272869792568113,1.0
7,raw_replace,9,0.7639090468018545,0.875,0.8333333333333334,0.7986211900675939,1.0
7,anchored,9,0.8599047827890857,1.0,0.5416666666666666,0.7007857247278761,1.0
7,verified,9,0.9974835945813941,1.0,1.0,0.9987417972906971,1.0
7,guided,9,0.8545739585136224,0.875,1.0,0.9272869792568113,1.0
8,raw_replace,9,0.8769263587090435,1.0,0.7083333333333334,0.7926298460211885,1.0
8,anchored,9,0.9359253105573526,1.0,0.75,0.8429626552786763,1.0
8,verified,9,0.9974835945813941,1.0,1.0,0.9987417972906971,1.0
8,guided,9,0.8545739585136224,0.875,1.0,0.9272869792568113,1.0
9,raw_replace,9,0.9756099959344163,1.0,1.0,0.9878049979672081,1.0
9,anchored,9,0.9140517119103748,1.0,0.5833333333333334,0.7486925226218542,1.0
9,verified,9,0.9974835945813941,1.0,1.0,0.9987417972906971,1.0
9,guided,9,0.8647869792568113,0.875,1.0,0.9323934896284056,1.0
10,raw_replace,9,0.915706908886322,1.0,0.9166666666666666,0.9161867877764943,1.0
10,anchored,9,0.9275274749474803,1.0,0.625,0.7762637374737402,1.0
10,verified,9,0.9974835945813941,1.0,1.0,0.9987417972906971,1.0
10,guided,9,0.9962253918720911,1.0,1.0,0.9981126959360456,1.0
11,raw_replace,9,0.8768026600497787,1.0,0.9583333333333334,0.917567996691556,1.0
11,anchored,9,0.8574256586283778,1.0,0.5,0.6787128293141889,1.0
11,verified,9,0.9456039071715386,0.9375,1.0,0.9728019535857693,1.0
11,guided,9,0.9872705738382053,1.0,1.0,0.9936352869191026,1.0
12,raw_replace,9,0.9087784053824939,0.9375,1.0,0.9543892026912469,1.0
12,anchored,9,0.8216560657142419,1.0,0.4583333333333333,0.6399946995237876,1.0
12,verified,9,0.9987417972906971,1.0,1.0,0.9993708986453486,1.0
12,guided,9,0.9814034351191194,1.0,1.0,0.9907017175595597,1.0
13,raw_replace,9,0.8598053096589713,0.9375,0.9583333333333334,0.9090693214961523,1.0
13,anchored,9,0.8923878361768098,1.0,0.5833333333333334,0.7378605847550717,1.0
13,verified,9,0.9974835945813941,1.0,1.0,0.9987417972906971,1.0
13,guided,9,0.9872705738382053,1.0,0.9583333333333334,0.9728019535857693,1.0
14,raw_replace,9,0.7446872526783598,0.875,0.75,0.74734362633918,1.0
14,anchored,9,0.9032214292291267,1.0,0.75,0.8266107146145634,1.0
14,verified,9,0.9937089864534854,1.0,1.0,0.9968544932267427,1.0
14,guided,9,0.9897869792568113,1.0,1.0,0.9948934896284056,1.0
15,raw_replace,9,0.8527122250693538,0.875,1.0,0.9263561125346769,1.0
15,anchored,9,0.9206569206819413,1.0,0.7083333333333334,0.8144951270076373,1.0
15,verified,9,0.9974835945813941,1.0,1.0,0.9987417972906971,1.0
15,guided,9,0.9821640634666109,1.0,1.0,0.9910820317333054,1.0
0,raw_replace,10,0.8761570623450489,0.875,1.0,0.9380785311725244,1.0
0,anchored,10,0.872106161330088,1.0,0.5833333333333334,0.7277197473317107,1.0
0,verified,10,0.9974835945813941,1.0,1.0,0.9987417972906971,1.0
0,guided,10,0.8545739585136224,0.875,1.0,0.9272869792568113,1.0
1,raw_replace,10,0.8048519348882209,0.875,0.7083333333333334,0.7565926341107772,1.0
1,anchored,10,0.8771973276586935,1.0,0.5833333333333334,0.7302653304960134,1.0
1,verified,10,0.9974835945813941,1.0,1.0,0.9987417972906971,1.0
1,guided,10,0.9897869792568113,1.0,1.0,0.9948934896284056,1.0
2,raw_replace,10,0.8643171803925833,0.9375,0.9166666666666666,0.8904919235296249,1.0
2,anchored,10,0.9013678035322745,1.0,0.5833333333333334,0.742350568432804,1.0
2,verified,10,0.9987417972906971,1.0,1.0,0.9993708986453486,1.0
2,guided,10,0.9377262042184886,0.9375,0.9583333333333334,0.9480297687759109,1.0
3,raw_replace,10,0.9600034208180119,1.0,1.0,0.980001710409006,1.0
3,anchored,10,0.9119645575971845,1.0,0.5833333333333334,0.747648945465259,1.0
3,verified,10,0.9987417972906971,1.0,1.0,0.9993708986453486,1.0
3,guided,10,0.8231203125901445,0.8125,1.0,0.9115601562950723,1.0
4,raw_replace,10,0.824342807646746,0.9375,0.9583333333333334,0.8913380704900397,1.0
4,anchored,10,0.8966137698738537,1.0,0.5416666666666666,0.7191402182702602,1.0
4,verified,10,1.0,1.0,1.0,1.0,1.0
4,guided,10,0.771240625180289,0.75,1.0,0.8856203125901445,1.0
5,raw_replace,10,0.7977517427814109,0.9375,0.9583333333333334,0.8780425380573722,1.0
5,anchored,10,0.933929037795569,1.0,0.7083333333333334,0.8211311855644512,1.0
5,verified,10,0.9987417972906971,1.0,1.0,0.9993708986453486,1.0
5,guided,10,0.9897869792568113,1.0,1.0,0.9948934896284056,1.0
6,raw_replace,10,0.7198865231430379,0.8125,0.875,0.797443261571519,1.0
6,anchored,10,0.919987657717148,1.0,0.375,0.647493828858574,1.0
6,verified,10,0.9446621911955801,0.9375,1.0,0.9723310955977901,1.0
6,guided,10,0.8545739585136224,0.875,1.0,0.9272869792568113,1.0
7,raw_replace,10,0.7883191585787425,0.875,0.8333333333333334,0.8108262459560379,1.0
7,anchored,10,0.8706198943847107,1.0,0.5,0.6853099471923554,1.0
7,verified,10,0.9974835945813941,1.0,1.0,0.9987417972906971,1.0
7,guided,10,0.8545739585136224,0.875,1.0,0.9272869792568113,1.0
8,raw_replace,10,0.8839460432825537,1.0,0.75,0.8169730216412768,1.0
8,anchored,10,0.9106096655677814,1.0,0.6666666666666666,0.788638166117224,1.0
8,verified,10,0.9987417972906971,1.0,1.0,0.9993708986453486,1.0
8,guided,10,0.8545739585136224,0.875,1.0,0.9272869792568113,1.0
9,raw_replace,10,0.9756099959344163,1.0,1.0,0.9878049979672081,1.0
9,anchored,10,0.9048098498748678,1.0,0.5833333333333334,0.7440715916041005,1.0
9,verified,10,0.9974835945813941,1.0,1.0,0.9987417972906971,1.0
9,guided,10,0.9795739585136224,1.0,1.0,0.9897869792568113,1.0
10,raw_replace,10,0.915706908886322,1.0,0.9166666666666666,0.9161867877764943,1.0
10,anchored,10,0.9213502260032606,1.0,0.6666666666666666,0.7940084463349636,1.0
10,verified,10,0.9974835945813941,1.0,1.0,0.9987417972906971,1.0
10,guided,10,0.9878418477343995,1.0,1.0,0.9939209238671998,1.0
11,raw_replace,10,0.8738508419168394,1.0,0.9565217391304348,0.9151862905236371,0.9583333333333334
11,anchored,10,0.8548249953442666,1.0,0.4583333333333333,0.6565791643387999,1.0
11,verified,10,0.9468621098808416,0.9375,1.0,0.9734310549404208,1.0
11,guided,10,0.9897869792568113,1.0,1.0,0.9948934896284056,1.0
12,raw_replace,10,0.9087784053824939,0.9375,1.0,0.9543892026912469,1.0
12,anchored,10,0.8456459921848918,1.0,0.4583333333333333,0.6519896627591125,1.0
12,verified,10,0.9974835945813941,1.0,1.0,0.9987417972906971,1.0
12,guided,10,0.9897869792568113,1.0,1.0,0.9948934896284056,1.0
13,raw_replace,10,0.8598053096589713,0.9375,0.9583333333333334,0.9090693214961523,1.0
13,anchored,10,0.9054502303770247,1.0,0.625,0.7652251151885123,1.0
13,verified,10,0.9974835945813941,1.0,1.0,0.9987417972906971,1.0
13,guided,10,0.9802654802551511,1.0,1.0,0.9901327401275756,1.0
14,raw_replace,10,0.7446872526783598,0.875,0.75,0.74734362633918,1.0
14,anchored,10,0.9276842730417308,1.0,0.6666666666666666,0.7971754698541987,1.0
14,verified,10,0.9962253918720911,1.0,1.0,0.9981126959360456,1.0
14,guided,10,0.9897869792568113,1.0,1.0,0.9948934896284056,1.0
15,raw_replace,10,0.8317721279160891,0.875,0.875,0.8533860639580446,1.0
15,anchored,10,0.8914614422002894,1.0,0.7083333333333334,0.7998973877668114,1.0
15,verified,10,0.9987417972906971,1.0,1.0,0.9993708986453486,1.0
15,guided,10,0.9836779131261257,1.0,1.0,0.9918389565630629,1.0
